{
  "blend": {
    "mae": 25745.861370164264,
    "rmse": 40980.225654422866,
    "mape": 17.1043285357767,
    "best_w": 0.4
  },
  "linear": {
    "mae": 25631.84703655134,
    "rmse": 40336.613542061394,
    "mape": 17.105941014315526,
    "coef_xgb": -1.025162871526978,
    "coef_cnn": 1.9981431494812245,
    "intercept": -1978.8632207363844,
    "mae_full": 25563.193022114054,
    "rmse_full": 40167.146121839825,
    "mape_full": 17.064656048930416
  },
  "unc_blend": {
    "mae": 26005.39477409181,
    "rmse": 41541.06004685056,
    "mape": 17.10079193236553,
    "lambda_xgb": 0.001
  },
  "final": {
    "mae": 25563.193022114054,
    "rmse": 40167.146121839825,
    "mape": 17.064656048930416,
    "method": "linear"
  },
  "n_rows": 1453
}