{
  "blend": {
    "mae": 25210.80042526697,
    "rmse": 40195.7826746808,
    "mape": 16.555022370634155,
    "best_w": 0.0
  },
  "linear": {
    "mae": 25455.293154655457,
    "rmse": 39851.93641333836,
    "mape": 17.250590706741715,
    "coef_xgb": -0.9609520211457283,
    "coef_cnn": 1.9320828505066316,
    "intercept": 5127.882686040801,
    "mae_full": 25382.39912635192,
    "rmse_full": 39680.9808771032,
    "mape_full": 17.216406227739522
  },
  "unc_blend": {
    "mae": 26004.722805781323,
    "rmse": 41537.94724871197,
    "mape": 17.102115196748542,
    "lambda_xgb": 0.0001
  },
  "final": {
    "mae": 25210.80042526697,
    "rmse": 40195.7826746808,
    "mape": 16.555022370634155,
    "method": "blend"
  },
  "n_rows": 1453
}