{
  "blend": {
    "mae": 22734.41985649572,
    "rmse": 36742.83885653828,
    "mape": 15.705156073898866,
    "best_w": 0.65
  },
  "linear": {
    "mae": 22797.701637865724,
    "rmse": 35768.43717638929,
    "mape": 16.02087106255961,
    "coef_xgb": 0.6619168770865925,
    "coef_cnn": 0.4497553827873001,
    "intercept": -13020.271251544327,
    "mae_full": 22682.058512199736,
    "rmse_full": 35433.060126971424,
    "mape_full": 15.974822855899587
  },
  "unc_blend": {
    "mae": Infinity,
    "rmse": Infinity,
    "mape": Infinity
  },
  "final": {
    "mae": 22734.41985649572,
    "rmse": 36742.83885653828,
    "mape": 15.705156073898866,
    "method": "blend"
  },
  "n_rows": 1453
}