{
  "blend": {
    "mae": 23443.384964599045,
    "rmse": 36357.417566056254,
    "mape": 17.410417241787222,
    "best_w": 0.68
  },
  "linear": {
    "mae": 22940.73238711598,
    "rmse": 35804.28016182428,
    "mape": 16.367634298958812,
    "coef_xgb": 0.6605002244668003,
    "coef_cnn": 0.41853637698292934,
    "intercept": -15543.609798569145,
    "mae_full": 22835.11816497438,
    "rmse_full": 35526.021011276905,
    "mape_full": 16.332281463080843
  },
  "unc_blend": {
    "mae": Infinity,
    "rmse": Infinity,
    "mape": Infinity
  },
  "final": {
    "mae": 22835.11816497438,
    "rmse": 35526.021011276905,
    "mape": 16.332281463080843,
    "method": "linear"
  },
  "n_rows": 1453
}