{
  "blend": {
    "mae": 25210.80042526697,
    "rmse": 40195.7826746808,
    "mape": 16.555022370634155,
    "best_w": 0.0
  },
  "linear": {
    "mae": 25455.293154703897,
    "rmse": 39851.936413338684,
    "mape": 17.25059070681338,
    "coef_xgb": -0.9609520211987485,
    "coef_cnn": 1.9320828505596126,
    "intercept": 5127.882686101191,
    "mae_full": 25382.39912638743,
    "rmse_full": 39680.9808771032,
    "mape_full": 17.216406227796096
  },
  "unc_blend": {
    "mae": 26004.722805781323,
    "rmse": 41537.94724871197,
    "mape": 17.102115196748542,
    "lambda_xgb": 0.0001
  },
  "final": {
    "mae": 25210.80042526697,
    "rmse": 40195.7826746808,
    "mape": 16.555022370634155,
    "method": "blend"
  },
  "n_rows": 1453
}