{
  "y_mean": -898.7327125362135,
  "y_std": 39596.74409256433,
  "best_val_mae": 30002.959431240226,
  "target_mode": "residual"
}